artista_id,listeners,playcount,artistas_similares
274,395668,7423896,"Abraham Mateo, Piso 21, Mau y Ricky"
464,5848,152723,"Saurom, Mägo de Oz, Lèpoka"
93,3707,17903,"Fonso, Juan Mango, Valdes"
578,2455180,51251977,"Arcadia, The Power Station, Kajagoogoo"
584,642247,24561657,"Dirty Honey, Rival Sons, Crown Lands"
509,948,3144,"Stjepan Hauser, Raphaela Gromes, Gautier Capucon"
370,5709,102553,"Tres Caladas, Mercedes Cañas, Malmö 040"
883,2001517,61633829,"Nanna, Mumford & Sons, The Lumineers"
743,962759,13139460,"John Vincent III, Chance Peña, Mt. Joy"
651,52945,657898,"Jos, Cyberbully Mom Club, Alex G"
50,1085344,15888747,"Zero 7, Groove Armada, Bent"
328,382,1460,"Arseniy Gusev, Duo Multicorde, Julián Fueyo"
882,227183,3003317,"Rebelution, The Expendables, Tribal Seeds"
747,59796,515467,"The Backseat Lovers, Krooked Kings, Briston Maroney"
655,2260217,228939932,"Bad Omens, The Plot in You, Motionless in White"
579,132481,2806220,"Lola Amour, Cup of Joe, Calein"
153,10078,82448,"Yung Prado, Entre Ríos, Fernanda Arrau"
473,57356,478243,"Mala Rodríguez, Najwa, Mónica Naranjo"
510,34157,1365836,"Warcry, Tierra Santa, Zenobia"
104,748576,11650471,"Etienne de Crécy, Thylacine, Flavien Berger"
42,3144206,114372655,"Voodoo Child, Röyksopp, Groove Armada"
283,72774,857469,"Gigolo y La Exce, Bryant Myers, Alex Rose"
78,803716,19814217,"Plaid, Tycho, Clark"
754,3530410,217254037,"Slipknot, Limp Bizkit, Coal Chamber"
364,56523,1667186,"Amaia, Natalia Lacunza, Sen Senra"
297,4116,35516,"Kris R., Sog, Pirlo"
210,362742,7328335,"Lagos, Lasso, Latin mafia"
617,471878,25123703,"Intervals, Syncatto, Plini"
144,18399,476560,"La Plazuela, VVV [Trippin'you], Enrique Morente"
60,635111,7454830,"Miss Kittin, Simian Mobile Disco, Felix da Housecat"
559,3774388,110833759,"Imagine Dragons, The Script, Maroon 5"
137,401,2920,"Jesus Loves Electro, Gui Brazil, Carlos Herrera Music"
44,2622869,75017501,"Fatboy Slim, The Prodigy, The Crystal Method"
367,14985,101159,"Marta Soto, Noan, Daviles de Novelda"
421,314341,3034186,"Cheb Mami, Cheb Hasni, Rachid Taha"
694,465273,5111667,"Howard Jones, Johnny Hates Jazz, ABC"
413,169058,1724574,"Omar Montes, Wisin, Piso 21"
45,265937,3365007,"Daphni, Ross From Friends, Joy Orbison"
498,12396,385051,"Hard GZ, Nikone, Denom"
247,41960,400382,"Noriel, TRAP CAPOS, Miky Woodz"
333,68365,399824,"Niccolò Paganini, Fritz Kreisler, Antonín Dvořák"
704,3288507,119237815,"Korn, Primer 55, P.O.D."
371,17335,864293,"Viva Suecia, Izal, Vetusta Morla"
105,1175777,27821901,"Marsmobil, Soma Sonic, The Funky Lowlives"
536,2580,57060,"Rafa Espino, Brock Ansiolitiko, Ambkor"
802,60930,439577,"Jimmy Carter and Dallas County Green, Dougie Poole, Jimmie Rodgers"
849,808872,23231157,NULL
867,30386,543932,"The Terrys, The Rions, Beddy Rays"
736,261850,2138947,"Royal Republic, Corey Taylor, grandson"
550,86891,1503825,"Txarango, Oques Grasses, Manel"
641,525839,11284532,"Luke Bryan, Cole Swindell, Jake Owen"
407,86864,705529,"Fondo Flamenco, El Arrebato, Estopa"
891,158151,1582129,"Gary Clark Jr., Marcus King, Vintage Trouble"
242,92971,891052,"Luny Tunes, Héctor "El Father", Tito "El Bambino""
796,2750038,218335365,"Bruce Dickinson, Judas Priest, Black Sabbath"
5,899093,27959981,"Caribou, Floating Points, Gil Scott-Heron and Jamie xx"
416,24101,140646,"Fools, Josiah Steinbrick, Suso Saiz"
660,33378,505719,"We the Kingdom, Ryan Stevenson, Rend Collective"
435,410241,17189252,"The Locos, Skalariak, Boikot"
293,24958,190318,"Catalyna, Joyce Santana, PJ Sin Suela"
236,95270,1455606,"Mike Bahía, Natti Natasha, Manuel Turizo"
482,30500,817651,"FERNANDOCOSTA, KASE.O, Lil Supa"
382,9982,295577,"Rafa Espino, Shé, Locus"
395,57717,953993,"Álvaro De Luna, Despistaos, Nil Moliner"
393,161950,9960080,"Izal, Vetusta Morla, Lori Meyers"
845,42523,1542570,"Marcos Witt, Alex Campos, Tercer Cielo"
213,211510,3972134,"Myke Towers, Mora, Alejo"
491,34093,305785,"Pastora Soler, David Bisbal, Mónica Naranjo"
556,251232,6359425,"Lee Brice, Jason Aldean, Billy Currington"
585,301023,9098560,"Jane Remover, FlyingFish, Glare"
815,2082882,102548695,"Simple Creatures, Mayday Parade, The Maine"
638,4493102,209747565,"Rivers Cuomo, The Rentals, Ozma"
250,150293,1403698,"Chencho Corleone, Brray, Nio Garcia"
600,341969,6280178,"Sammy Rae & The Friends, The Dip, Sir Woman"
696,559327,8106033,"Vetiver, Blitzen Trapper, Houndmouth"
847,12273,131365,"Larry Fleet, Niko Moon, Travis Tritt"
29,1514099,45306463,"The Funky Lowlives, Marsmobil, Soma Sonic"
674,523130,38372076,"black midi, Squid, Maruja"
535,19890,805083,"Saratoga, Saurom, Hamlet"
329,305135,4000948,"David Bustamante, Alex Ubago, Luis Fonsi"
817,1298439,65109072,"Deuce, Zero 9:36, Manafest"
787,97269,910642,"Tedeschi Trucks Band, Gary Clark Jr., The Teskey Brothers"
10,310573,3052168,"Pearson Sound, Jacques Greene, Ross From Friends"
888,2233909,100704547,"Father John Misty, Grizzly Bear, Sufjan Stevens"
141,1024844,31092666,"The Knife, Róisín Murphy, Austra"
730,118048,1075050,"Goodnight, Texas, The Devil Makes Three, Brown Bird"
344,9219,251398,"Endecah, ZPU, Errecé"
561,1398690,73641984,"Palaye Royale, Mahmood, Marco Mengoni"
219,190528,7755961,"Lit Killah, Khea, FMK"
775,110599,4450736,"Jumbo, Serú Girán, Camilo Séptimo"
483,2538,15108,"Slimmah Sound, Mafia & Fluxy, Milton Henry"
7,1376070,51858597,"Hot Chip, The Whitest Boy Alive, Cut Copy"
174,328175,23505496,"Jhayco, Feid, Myke Towers"
439,16441,111260,"Nikone, Maffio, Raoul Vázquez"
790,111799,1073384,"Point of Grace, Francesca Battistelli, Mandisa"
621,15283,130776,"Rhett Walker, Jonny Diaz, Anna Golden"
626,243881,7741532,"きくお, ぐちり, Kairikibear"
553,16924,111339,"Fractions, Toxic Machinery, Lemane"
828,401160,4946701,"Babe Rainbow, Foxygen, Unknown Mortal Orchestra"
431,77603,665997,"Саша Санта, Мохито, Артём Качер"
581,706648,22428025,NULL
142,319818,4962031,"Degiheugi, The Architect, Chinese Man"
276,61028,725014,"Greeicy, Piso 21, Manuel Turizo"
168,713389,34596863,"Duki, Lit Killah, Tiago PZK"
226,26179,1110603,"CDobleta, Pressure 9X19, Ankhal"
541,10397,304413,"Disgorge, Condemned, Guttural Secrete"
819,3233952,228577950,"Angelo De Augustine, Bon Iver, Fleet Foxes"
323,168234,7991759,"Ana Mena, Belén Aguilera, Vicco"
884,49406,841013,NULL
449,109168,995336,"Ruth Lorenzo, Edurne, Ana Guerra"
602,336572,3776359,"Lee Brice, Jake Owen, Billy Currington"
555,3375490,198158149,"OneRepublic, American Authors, Bastille"
101,116223,1932058,"Christian Löffler, Max Cooper, Kiasmos"
530,5967,97510,"Kadec Santa Anna, DukeeMdz, Arce"
738,569248,13494194,"Coin, CRUISR, HUNNY"
645,22918,188260,"Stick Figure, Iya Terra, Through the Roots"
156,95818,603814,"Olivia Belli, Annelie, Dirk Maassen"
259,36381,488926,"Rokero, Smash Hits, Conep"
493,35110,958927,"La Paloma, Cala Vento, Apartamentos Acapulco"
637,4201335,162101507,"The Raconteurs, Jack White, The Dead Weather"
533,18735,126302,"Kiko & Shara, Sergio Contreras, Radio Macandé"
515,114695,4398538,NULL
648,187288,5254276,"Himalayas, Airways, The Wrecks"
876,5474887,286926331,"Taylor Hawkins & The Coattail Riders, Pearl Jam, Red Hot Chili Peppers"
116,57377,1520918,"Kamp!, The Dumplings, Bass Astral x Igo"
607,108669,1091628,"Jordan Davis, Morgan Wade, Lee Brice"
267,31458,155178,"Jotaerre, Chyno Miranda, Taylor Diaz"
452,96355,2975764,"Mónica Naranjo, Alaska y Dinarama, La Prohibida"
59,34053,629394,NULL
727,102178,1593719,NULL
197,150664,3410886,"Ryan Castro, Feid, Kevin Roldan"
218,33758,286117,"Flow Mafia, El Jincho, Israel B"
597,200053,4957002,"Elevation Worship, Chris Tomlin, Cody Carnes"
793,1963223,145601903,"Metallica, Exodus, Anthrax"
895,191585,2441980,"MercyMe, Big Daddy Weave, Casting Crowns"
537,10675,58437,"Jacobus Clemens non Papa, Adrian Willaert, Ludwig Senfl"
675,1345339,34368132,"Creepy Nuts, たかやん, eill"
420,8418,384466,"Ébano, Israel B, Midas Alonso"
406,35543,1267272,"FERNANDOCOSTA, Cruz Cafuné, Hoke"
821,1188416,17898682,NULL
833,1769564,61044352,"Thousand Foot Krutch, Ashes Remain, Red"
490,1448,19694,"李雲迪, Seong-Jin Cho, Igor Levit"
376,44043,282861,NULL
566,1446809,70378684,"Fish in a Birdcage, I DONT KNOW HOW BUT THEY FOUND ME, Tally Hall"
9,2107123,74352342,"The Juan Maclean, The Rapture, Hot Chip"
254,22479,373267,"Hades66, YOVNGCHIMI, CDobleta"
681,3888529,328419937,"Gerard Way, Frank Iero, Pencey Prep"
492,120180,1909703,"Amaia Montero, Antonio Orozco, Pastora Soler"
405,39735,1551345,"Xoel López, Guitarricadelafuente, Valeria Castro"
577,594477,5895931,"ZZ Ward, Gin Wigmore, Ingrid Andress"
56,86621,1253732,"Los Planetas, Los Piratas, Lori Meyers"
81,172135,2471106,"Woo York, Christian Löffler, Colyn"
63,9025,33862,NULL
635,279780,4450976,"Casting Crowns, Big Daddy Weave, Matthew West"
133,1347274,26947906,"Orbital, Leftfield, Fluke"
390,7937,37719,"Ilo Ilo, MayFlwr, Flyes"
410,396573,7038749,"Enanitos Verdes, La Unión, Duncan Dhu"
453,8867,106515,"Rata Negra, VVV [Trippin'you], La Plata"
216,6246,62804,"Roa, J Abdiel, Frank Louis"
67,269106,11745705,"Babasónicos, Lali, Floricienta"
461,16792,215095,"Camarón de la Isla, Lole Y Manuel, Kiko Veneno"
151,1823,8483,"Vera Fauna, The Gardener, Antónimo"
455,1109,14264,"Lèpoka, HADADANZA, Debler"
258,554106,5839951,"Wisin & Yandel, Daddy Yankee, Trebol Clan"
640,25359,305520,"MercyMe, Jason Gray, Crowder"
692,3394810,108476630,"Metric, The Kills, Karen O"
70,945449,19220495,"Fluke, Elite Force, Overseer"
243,168045,2053387,"Enforcer, Heavy Load, Good Riddance"
443,15392,37369,"Lucy Christiansen, The Rob McConnell Trio, The Christmas Brothers"
65,661149,10093213,NULL
27,454388,11172987,"Four Tet, Jamie xx, Leon Vynehall"
53,558943,11896804,"Shigeto, Lusine, Evenings"
130,1189066,26386195,"Boys Noize, MSTRKRFT, Simian Mobile Disco"
511,32163,253349,"Doble Pletina, Los lagos de Hinault, Kokoshca"
69,1592660,28537916,"Lemon Jelly, Leftfield, Nightmares on Wax"
90,212504,2293227,"Hot Toddy, Kraak & Smaak, Lovebirds"
3,392143,6109341,"Kasper Bjørke, Agoria, Booka Shade"
188,250740,4520794,"Blessd, Feid, Don Omar"
152,646,1973,"Rafa Barrios, Jude & Frank, Kofla"
805,231861,7271001,"Highly Suspect, DEAD POET SOCIETY, Waterparks"
719,230382,3146013,"Deer Tick, Justin Townes Earle, John Moreland"
307,85257,748775,"Luigi 21 Plus, Ñengo Flow, Ñejo & Dalmata"
668,279535,5919902,NULL
465,12000,137976,"Spoil Engine, Lutharo, Rage of Light"
563,1075788,8387430,"Naughty By Nature, Cypress Hill, Onyx"
290,11084,91367,"vf7, PJ Sin Suela, Joyce Santana"
106,748992,21270582,"Lulu Rouge, Kiasmos, Moderat"
827,205992,6565275,NULL
52,43633,344073,"Kunzite, Superpoze, MOKADO"
691,71837,947146,"Colton Dixon, Mandisa, Caleb and Kelsey"
620,2642068,180377493,"Noah Kahan, Florence + the Machine, Lucy Dacus"
338,219178,1880291,"Chayanne, Juanes, David Bisbal"
686,6190659,429934323,"John Frusciante, Foo Fighters, Audioslave"
709,5895268,684371227,"The Last Shadow Puppets, Alex Turner, Miles Kane"
748,96850,2664281,"Turnpike Troubadours, Jamey Johnson, Cody Johnson"
856,38168,492669,"Cadia, Kerrie Roberts, Addison Road"
200,292618,21613898,"Mora, Anuel AA, Jhayco"
109,6079,46156,"Eskricke, Ana Rebekah, Anastasiya Ihnatovich"
470,40440,279782,"David Russell, Andrés Segovia, Julian Bream"
198,462270,18989367,"Bryant Myers, Jhayco, Eladio Carrion"
547,100758,774078,"Manu Pilas, Anna Naklab, Alexiane"
129,377735,7171392,"EABS, Błoto, Hidden Orchestra"
379,68100,2008147,"La Casa Azul, Rigoberta Bandini, Los Punsetes"
701,264960,5012878,NULL
769,453869,6618596,"Coin, Smallpools, Walk the Moon"
868,25264,383676,"Danilo Montero, Marco Barrientos, Lilly Goodman"
418,21989,662463,"Hens, Enol, MarMi"
489,6373,117889,"Lèpoka, Debler, Ekyrian"
322,52972,480789,"La Quinta Estación, Yuridia, María José"
362,198354,2423328,"Sin Bandera, Cristian Castro, Alejandro Sanz"
496,19573,89014,"Antonio D'Africa, DR. DRTY, F-Rontal"
312,2566,29254,"Clarent, Midnvght, Yecko"
207,444507,15214429,"Jhayco, Mora, Anuel AA"
84,1481040,43582971,"Atoms for Peace, Radiohead, Burial & Four Tet & Thom Yorke"
751,263950,5366740,"Audio Adrenaline, DC Talk, TobyMac"
773,362136,8269364,"Flow, NICO Touches the Walls, BLUE ENCOUNT"
357,19030,356638,"María Peláe, st. Pedro, DellaCruz"
438,13,59,NULL
100,240003,4441037,"HAAi, Rival Consoles, Nathan Fake"
608,305249,4394892,"Francesca Battistelli, Tauren Wells, Matthew West"
189,1320477,44328803,"Maluma, Nicky Jam, Ozuna"
614,324986,3029637,"James Horner, Alan Silvestri, James Newton Howard"
149,16530,243250,"Femi, Vinocio, Latelonius"
860,63068,922692,"Soldiers of a Wrong War, American Teeth, Sunsleep"
251,96478,909455,"Nfasis, Nio Garcia, Residente"
633,126576,2010559,"Cole Swindell, Lee Brice, Jake Owen"
875,893986,25578614,"Angel Olsen, Julia Jacklin, Aldous Harding"
446,17206,71410,"Hector Couto, Joe Red, Rafa Barrios"
760,637459,23993140,"Violent J, Dark Lotus, Twiztid"
305,145937,773768,"eenspire, Lemeria, Sleepermane"
403,150559,8605610,"Izal, Viva Suecia, Love of Lesbian"
285,172241,6470448,"Duki, Seven Kayne, Lit Killah"
327,45665,538184,"Manuel Carrasco, Antonio Orozco, Vanesa Martín"
391,49513,1115410,"SVLBRD, zarr., David Cordero"
571,944364,16590369,"Luke Bryan, Chris Young, Cole Swindell"
212,39001,283915,"Sammy & Falsetto, Omy de Oro, Cauty"
73,1697783,53486769,"Cut Copy, Junior Boys, Metronomy"
546,202,445,"Carlos Civera, Cayetano Brunetti, Quinteto1909"
441,17085,141678,"Merche, David DeMaría, David Civera"
801,839548,15575999,"Bishop Briggs, Mike Shinoda, Call Me Karizma"
280,53782,657497,"Danny Ocean, Manuel Turizo, De La Ghetto"
234,775175,10377478,"Wisin, Farruko, J Balvin"
340,51536,1579119,"Marc Seguí, Guitarricadelafuente, Natalia Lacunza"
469,2199,22366,NULL
662,1409774,31017270,"Henry and the Waiter, Sir Sly, Broken Back"
672,3257034,271172640,"Pond, Melody's Echo Chamber, Gum"
196,1689631,33772875,"Don Omar, Wisin & Yandel, Alexis y Fido"
772,2513515,69704192,"Black Sabbath, Dio, Judas Priest"
759,841322,30810190,NULL
816,3465734,96103963,"Pete Townshend, The Kinks, Roger Daltrey"
310,1725,17435,"El Gerard, DJ JAC, Luister La Voz"
650,92941,911914,"Russell Dickerson, Jordan Davis, Thomas Rhett"
684,22557,201202,"Alive City, Cade Thompson, Consumed By Fire"
557,199013,3578763,"Lee Brice, Chris Young, Florida Georgia Line"
385,40798,1954623,"FERNANDOCOSTA, DeLaOssa, Ayax y Prok"
669,21752,98834,"Leo Dan, Leonardo Favio, Diego Verdaguer"
661,865496,47852592,"Godsmack, Five Finger Death Punch, Stone Sour"
549,5947,52097,NULL
231,506020,9835414,"Camila, Sin Bandera, Río Roma"
575,146847,1851326,"Oliver Hazard, Caamp, Watchhouse"
783,4461032,163566709,"Slash, Mötley Crüe, Velvet Revolver"
8,1143896,53696201,"Burial & Four Tet & Thom Yorke, Burial & Four Tet, Kode9"
115,1687,5279,"Edy e Nathan, Daniel dos Teclados, Vítor Fernandes"
324,261729,5661419,"El Canto del Loco, Estopa, Pereza"
739,517521,10190740,"NxWorries, Fat Dog, JPEGMAFIA"
454,2218,45669,"DELALMA, Runa Llena, Debler"
570,469369,11018083,"Jordan Davis, Cole Swindell, Dustin Lynch"
842,6067999,328200153,"Freddie Mercury, Roger Taylor, Brian May"
519,22436,169271,NULL
897,489661,18855615,"The Fearless Flyers, Cory Wong, Vulfmon"
284,8890,50461,"EIX, Jey Blessing, Montano"
343,18277,256662,"Ragdog, Rubén Pozo, Coque Malla"
457,67678,1871031,"Warcry, Avalanch, Saratoga"
40,357951,7459656,"Nicolas Jaar, Weval, Pantha du Prince"
4,490571,10821219,"Overmono, Ross From Friends, DJ Seinfeld"
366,273823,6771286,"Melendi, El Canto del Loco, Pereza"
466,40755,754615,"El Arrebato, Fondo Flamenco, Antonio Orozco"
678,2665320,46490664,"Steve Perry, Foreigner, Boston"
854,2358862,145703691,"Jónsi, Hilmar Örn Hilmarsson, Alex Somers"
76,811147,13672574,"Peace Orchestra, Kruder & Dorfmeister, Dzihan & Kamien"
6,1872955,100709296,"The Funky Lowlives, Ursula 1000, Peace Orchestra"
146,954579,26615617,"Moloko, Goldfrapp, Jessie Ware"
244,86303,800128,"Sech, Nio Garcia, Dalex"
593,2485790,242169763,NULL
725,858863,7915926,"Carl Perkins, Eddie Cochran, Bill Haley"
896,2067525,62742494,"The Shins, My Morning Jacket, Rogue Wave"
264,17060,285679,"Suie Paparude, Subcarpati, Les Elephants Bizarres"
139,996164,30414003,"Cujo, DJ Food, Hexstatic"
761,267084,3721208,"Halestorm, Dead Posey, The Pretty Reckless"
202,216183,3157391,"Sech, Dalex, Nio Garcia"
422,28484,151603,NULL
462,7702,25069,"Adrian Kuipers, I TRAVEL LIGHT, Jean Lucas"
148,20311,162605,"Jens Buchert, Fresh Moods, Smooth Genestar"
92,107416,1139660,NULL
810,180374,2949812,"Bohnes, 8 Graves, Layto"
20,65718,1750439,"Wos, Conociendo Rusia, Paco Amoroso"
48,1168253,28554941,"Goldfrapp, Róisín Murphy, Skinshape"
618,571086,6838906,"Jasmine Thompson, Daya, Madilyn Bailey"
890,421193,3539190,"Chris Young, Lee Brice, Eli Young Band"
292,201447,7482172,"Cazzu, Bizarrap, Wos"
481,14689,329298,"María José Llergo, Miss Caffeina, Sílvia Pérez Cruz"
554,557925,8033449,"Spacey Jane, The Rions, BBY"
762,5943281,291256061,"Brandon Flowers, Kings of Leon, Snow Patrol"
360,70830,973207,"Antonio Orozco, India Martinez, Antonio José"
432,84642,2727927,"CHICA SOBRESALTO, Rigoberta Bandini, Miss Caffeina"
657,127531,1355226,"The Elovaters, Iya Terra, Slightly Stoopid"
22,277227,3701319,"Caribou, Ross From Friends, Jacques Greene"
118,83810,914678,"Romare, Teebs, Dimlite"
316,38535,770724,"Eladio Carrion, Omar Montes, Maikel Delacalle"
398,28782,502952,"Sidecars, Pereza, Dani Martín"
154,6,13,NULL
206,247833,3860097,"Sech, Dalex, Ozuna"
826,1866251,58412651,"Divine Fits, The Shins, The New Pornographers"
478,134514,1429791,"Mónica Naranjo, Chenoa, Nicole"
158,31517,880194,"Vito Bambino, Brodka, Dawid Tyszkowski"
858,120078,2207211,"CanOzan, Perdenin Ardındakiler, Yaşlı Amca"
726,21746,317486,"Tropidelic, The Dirty Heads, The Elovaters"
26,285259,3462468,"O'Flynn, Jitwam, Pavel Dovgal"
238,252159,12149830,"Wos, Lit Killah, Paulo Londra"
712,396810,20011057,"YUNGBLUD, Andy Black, Badflower"
165,1357045,72290236,"Jackboy, Pooh Shiesty, HotBoii"
14,2284327,88010399,"Goldfrapp, Schiller, Susanne Sundfør"
829,4453881,207968473,"The Killers, The Black Keys, Kasabian"
82,32171,173970,"Tafubar, Green Empathy, Amun"
178,156125,2093974,"Camilo, Piso 21, Manuel Turizo"
38,4303,22711,"Reis Belico, DJ Chus, Tambor Urbano"
320,260051,5796975,"David Bisbal, Jesse & Joy, Luis Fonsi"
539,1690,12893,"Jose Galisteo, José Galisteo, Ainhoa"
164,288090,11790953,"Jere Klein, FloyyMenor, Standly"
74,2289,9071,NULL
825,875016,17301258,"NoMBe, Welshly Arms, BLVKES"
838,139194,6073827,"DECO*27, Kairiki Bear, NayutalieN"
768,127996,2805834,"CityAlight, Sovereign Grace Music, Phil Wickham"
824,11542,101561,"Cody Hibbard, Ray Fulcher, Tyler Booth"
356,27049,316356,"Almacor, Angy, Sofia Coll"
472,34838,660466,"Sidecars, Uku Suviste, Emma Muscat"
311,67737,673400,"The Minions, John Powell, Hans Zimmer & John Powell"
289,10462,115843,"De la rose, Young Martino, oken"
771,907558,29032937,"Steel Train, Red Hearse, Maggie Rogers"
782,361682,6377278,NULL
111,379,1414,"Manybeat, Jimmix, Gabriel Dominguez"
230,126708,8603651,"Trueno, Wos, Paulo Londra"
613,3646815,263691043,"Lorde, Hozier, HAIM"
88,106771,851384,"Daniel Bortz, Fort Romeau, Kollektiv Turmstrasse"
699,50506,624240,"paloma, The Veer Union, Jonny Craig"
667,548177,28767649,"The Murder Capital, IDLES, Shame"
304,82499,918033,"Rochy RD, Bryant Myers, Miky Woodz"
629,119679,2469971,"Koe Wetzel, The Steel Woods, Southall"
846,318677,8698395,"Phoneboy, Jukebox the Ghost, Saint Motel"
68,1310,4677,"Manybeat, Jose Casadiego, Peppe Citarella"
278,22791,505159,"Akapellah, Micro TDH, Canserbero"
205,121630,2257919,"Jhayco, Feid, Mora"
753,1589655,34314474,"Bad Suns, Walk the Moon, Sir Sly"
612,665453,4889682,"Tommy James, The Lovin' Spoonful, The Association"
517,760,6091,"Whisky Caravan, Mala Hierba, La desbandada"
102,488212,9547559,"Ulrich Schnauss & Jonas Munk, Ulrich Schnauss & Mark Peters, Tycho"
506,60,314,NULL
369,36035,764090,"ILL PEKEÑO, Ébano, Gese Da O"
538,9019,341057,"Viva Suecia, Arde Bogotá, DePedro"
36,273289,4621108,"Max Cooper & Tom Hodge, Christian Löffler, Kiasmos"
734,549226,6765963,"Night Club, Reyko, Alice in Videoland"
66,47363,226009,"Daniel Avery, B12, Mano Le Tough"
853,419563,6141862,"Des Rocs, Wig Wam, Jon Fratelli"
583,233186,4584250,"Rebelution, Iration, Tribal Seeds"
670,498919,12077359,"Sam Tinnesz, Adam Jensen, WAR*HALL"
688,645847,18648763,NULL
487,42251,1298494,"Soziedad Alkoholika, Crisix, Evile"
804,167833,1686407,"Floating in Space, Ships Fly Up, Harmonix college"
703,9867,82416,"Cody Hibbard, The Lowdown Drifters, Dylan Wheeler"
488,109411,4129036,"La Fuga, Extremoduro, Platero y tú"
794,1408714,40092170,"10 Years, Staind, Crossfade"
646,5606929,362059542,"Damon Albarn, The Good, the Bad & the Queen, Radiohead"
665,20513,298623,"Ryan Stevenson, Austin French, Cochren & Co."
217,9922,89440,"Karbeats, Young Martino, oken"
181,185655,3141612,"Anuel AA, Cosculluela, Bryant Myers"
543,19162,228774,"Cala Vento, Reincidentes, Carolina Durante"
359,51783,1819544,"Violadores del Verso, SFDK, Sharif"
350,93708,695185,"Alexander Scriabin, Claude Debussy, Robert Schumann"
291,136825,5564155,"Duki, Tiago PZK, Khea"
354,36455,723945,"KASE.O, Nach, SFDK"
442,16932,1223039,"Elio Toffana, Cruz Cafuné, DeLaOssa"
568,62115,1041321,"Jordan Feliz, Riley Clemmons, We the Kingdom"
582,35845,480535,"Crowder, Austin French, for KING & COUNTRY"
172,5078,41646,"WizDaWizard, Kolyon, C Clip Beatz"
625,441538,17420737,"Richard Gibbs, Lorne Balfe, Brian Tyler"
140,961,5664,"Toda la vida, Odanis BSK, Zoprano"
103,132201,1291592,"Djrum, Dark Sky, Jacques Greene"
857,178446,7756255,"Survive Said The Prophet, Crossfaith, Sim"
881,480621,30445712,NULL
91,1208151,41975082,"Floating Points, Burial & Four Tet, Caribou"
85,383,4889,"Odanis BSK, Lizzy Parra, DEFRA"
404,12179,67938,"Federico Moreno Torroba, Mario Castelnuovo-Tedesco, Emilio Pujol"
659,649039,13180683,"Enanitos Verdes, Hombres G, Elefante"
412,3874,88514,"Brock Ansiolitiko, Lytos, Droow"
729,122079,1321403,"King Clave, Jeanette, Palito Ortega"
632,2692352,62426504,"Wings, Paul McCartney & Wings, Ringo Starr"
303,3415,24094,"Yeruza, Frank Louis, Amarion"
476,2801,12981,"Immasoul, Barbara Doza, Las Villa"
524,66988,671375,"Café Quijano, José Luis Perales, El Arrebato"
177,526710,20468471,"Alvaro Diaz, Jhayco, Mora"
383,9445,150858,"PielRoja, N-Wise Allah, ILL PEKEÑO"
99,1645945,45218940,"The Funky Lowlives, Marsmobil, Hird"
811,3680025,175515243,"Frank Black, The Breeders, Sonic Youth"
687,2558580,256046874,"Lindemann, Till Lindemann, Emigrate"
71,13855,56632,"Sebjak, Cloode, Lyane"
330,97792,3102230,"Belén Aguilera, Vicco, Aitana"
271,22377,136579,"Omy de Oro, Benny Benni, Flow Mafia"
72,730753,21633893,"Ólafur Arnalds & Nils Frahm, Ólafur Arnalds, Ben Lukas Boysen"
147,4752,16506,"Ink & Needle, Pelle Buys, Reshuffle"
301,53922,518307,"Lary Over, Pepe Quintana, Bryant Myers"
46,287001,4128187,"Ross From Friends, Anthony Naples, Terekke"
624,26495,337325,"DENM, The Movement, Arise Roots"
862,55282,682952,NULL
746,489702,9435597,"Dope Lemon, Local Natives, Mt. Joy"
806,77116,1199966,"Necry Talkie, Polkadot Stingray, KANA-BOON"
459,47791,1158120,"La Casa Azul, Varry Brava, Pignoise"
64,582812,11880116,"Moderat, Apparat, Siriusmo"
789,27710,288289,"The Afters, NEEDTOBREATHE, Sarah Reeves"
680,529523,23200357,"Catfish and the Bottlemen, The Snuts, Inhaler"
396,32523,978434,"Cruz Cafuné, KASE.O, DeLaOssa"
843,69421,811543,"Chris Young, Chris Lane, Brett Young"
822,83671,2035425,"VINILOVERSUS, Los Mesoneros, La Vida Bohème"
800,454179,5666628,"Chris Young, Cole Swindell, Luke Bryan"
387,31325,968408,"Malú, Antonio José, Rozalén"
502,95707,924727,"Sergio Dalma, El Canto del Loco, Fito Y Fitipaldis"
639,393973,18049569,"Downplay, Red, Breaking Benjamin"
676,956069,46725946,"Snail Mail, Beach House, Japanese Breakfast"
803,31087,298365,"Seaforth, Brett Kissel, Jordan Davis"
886,2538906,171935165,"Billy Talent, Anti-Flag, Sum 41"
778,200475,1942274,"Adam Jensen, Bohnes, The Unlikely Candidates"
878,16126,209812,"Jordan Feliz, We Are Messengers, ELEVATION RHYTHM"
157,69,374,"DDP Diretoria"
532,61228,562789,"Enrique Bunbury, Quique González, Mikel Erentxun"
652,592168,8315420,"Men I Trust, Vansire, The Marías"
49,309422,6838734,"Kiasmos, Jon Hopkins, Gidge"
166,635217,7918029,"Nicky Jam, J Alvarez, Wisin"
586,328462,6514968,"Newsboys, for KING & COUNTRY, MercyMe"
631,709991,12105580,NULL
86,670439,14756549,"Berry Weight, Marsmobil, The Funky Lowlives"
132,248465,7774183,"Actress, Demdike Stare, Porter Ricks"
13,246652,5212291,"Max Cooper, Rival Consoles, Moderat"
155,103210,1479150,"Baby Mammoth, Klangstein, Alex Cortiz"
384,12800,228157,"Hard GZ, Arce, Juancho Marqués"
269,18665,146297,"Catalyna, PJ Sin Suela, vf7"
700,3896347,169411814,"Sum 41, Bad Religion, Billy Talent"
501,87364,2399356,"Long Distance Calling, Lost in Kiev, Glasgow Coma scale"
513,10687,41021,"Venga Monjas, Formula V, Manolo Escobar"
394,14673,440434,"Marwan, Luis Ramiro, Fran Fernández"
79,305992,3336850,"Maribou State, Christian Löffler, Jacques Greene"
222,99440,857214,"Luigi 21 Plus, Andy Rivera, Farruko"
355,36355,1039196,"SFDK, Elio Toffana, DeLaOssa"
419,107011,1013819,"Duncan Dhu, Enrique Bunbury, Elefantes"
409,91936,2177805,NULL
87,699,4347,"Jesus Loves Electro, Gui Brazil, Galactus Jack"
569,311767,4545707,"Zeruel, Scarlet House, sodistilled"
98,833441,13429024,"Guts, The Quantic Soul Orchestra, TM Juke"
62,21535,539508,"Daniel Drumz, Teielte, Globalny Odlot"
319,134369,4799534,"Ana Mena, Aitana, Belén Aguilera"
440,32632,1426004,"FERNANDOCOSTA, SFDK, Natos y Waor"
444,50347,237332,"Cristoph, CamelPhat, OnL"
589,580650,13776002,NULL
228,240725,2324605,"Arcángel, J Alvarez, Wisin & Yandel"
107,521329,12053730,"The Black Dog, Two Lone Swordsmen, Ochre"
720,136536,1674480,"Bad Suns, Last Dinosaurs, Inhaler"
723,1445487,149170018,"The Skin Cells, alex g online, starry cat"
572,3744940,237595810,"Martin L. Gore, Dave Gahan, Recoil"
318,91604,786497,"H.Takahashi, Tomasz Bednarczyk, Josiah Steinbrick"
630,397418,11149602,"R5, Luke Hemmings, 5 Seconds of Summer"
540,54952,396114,"Radio Futura, Nacha Pop, Duncan Dhu"
75,196549,3727839,"Joanna Newsom, Rosario Bléfari, Cate Le Bon"
516,6408,141357,"Nikone, Calero LDN, Hard GZ"
544,74139,1063947,"Spiritual Beggars, Clutch, Mustasch"
270,64903,583203,"Reykon, Farruko, Piso 21"
55,149101,1206423,"Islandman, Isan, Ochre"
314,94900,1080124,"Dalex, Justin Quiles, Alex Rose"
456,29111,367859,"Álvaro De Luna, Manuel Carrasco, Nil Moliner"
191,268401,16461058,"Trueno, KIDD KEO, C. Tangana"
408,101560,2655614,"El Canto del Loco, Platero y tú, Pereza"
429,6173,135377,NULL
121,1473069,25102892,"Groove Armada, Fatboy Slim, Armand van Helden"
755,92032,1510810,"Chris Tomlin, Big Daddy Weave, Zach Williams"
548,15182,265333,"Sinsinati, Pole., Hens"
183,540082,13738580,"Aventura, Prince Royce, Monchy & Alexandra"
445,51330,542760,"Leiva, Melendi, Los Aslándticos"
281,77565,913702,"Jhayco, Chris Jedi, Darell"
161,624442,41817882,"Jhayco, Feid, Mora"
451,195169,5891994,"Dragonland, Fairyland, Derdian"
732,12452,103261,"Mac Powell, Jonny Diaz, Love & The Outcome"
460,34718,672569,"Delaporte, Anni B Sweet, Supersubmarina"
365,1749,9819,"Dharta Beats, Swit Eme, La Cantera"
576,1112396,68562612,"Adrianne Lenker, Buck Meek, Julia Jacklin"
229,4542,108845,"Midnvght, Yecko, DimeWest"
434,11861,223482,"Comandante Twin, ELYELLA, Carmen 113"
765,23578,192651,"Underground Springhouse, Them Vibes, Brent Cowles"
786,311145,2109272,"Bathe Alone, Alex Sloane, Scarlet House"
286,109263,1216342,"Sky Rompiendo, Chris Jedi, Piso 21"
604,463054,8228012,"Jaguar Sun, Far Caspian, Blood Cultures"
873,260902,9340070,"KinokoTeikoku, My Dead Girlfriend, Yuragi"
840,118131,1126454,"Turnpike Troubadours, 49 Winchester, Colter Wall"
361,10288,372724,"Second, Iván Ferreiro, Vetusta Morla"
594,895729,41341544,"Alvvays, Jay Som, Bumper"
865,362628,18136913,"León Larregui, Enjambre, Porter"
499,85729,2574552,"Ma15, NIO, YURiE"
368,21463,462059,"Antonio José, Álvaro De Luna, Depol"
707,177891,4562377,"Cleopatrick, Reignwolf, Highly Suspect"
770,924825,36017714,"Cleopatrick, Nothing But Thieves, The Amazons"
474,21833,231616,"El Pescao, Zenttric, La Musicalité"
892,1088957,69442882,"Baroness, Gojira, Opeth"
221,53552,1657007,"Eladio Carrion, Ñengo Flow, Jon Z"
781,203757,3432993,"Black Pistol Fire, Reignwolf, The Record Company"
749,625652,22272708,"Coin, brotherkenzie, Bad Suns"
869,181357,10712214,"underscores, kmoe, dltzk"
263,14951,97549,"Chris Palace, rmand, Caleb Calloway"
19,308153,6100339,"Gidge, Max Cooper, Kiasmos"
798,2772112,181243279,"Alvvays, Slowdive, Melody's Echo Chamber"
37,630225,12211839,"Kollektiv Turmstrasse, Oliver Schories, Stephan Bodzin"
187,219345,6775968,"Bad Bunny, Mora, Cazzu"
227,65850,595076,"Kapo, Jerry Di, ChocQuibTown"
622,226781,4529339,"Thomas Rhett, Jordan Davis, Lee Brice"
715,952373,15659961,"Welshly Arms, Barns Courtney, Royal Deluxe"
171,418812,9293077,"Rochy RD, Bulin 47, Jey One"
373,27704,1105444,"Arde Bogotá, Lori Meyers, Izal"
664,1722386,90953931,"Jean Dawson, Wallows, LAUNDRY DAY"
255,208233,24129943,"Ysy A, Khea, Lit Killah"
162,437343,36647257,"Mora, Jhayco, Myke Towers"
744,1682765,53777401,"Broken Bells, Sir Sly, Cold War Kids"
223,48901,464763,"Miky Woodz, Chris Jedi, Nio Garcia"
716,316852,6768633,"MercyMe, Chris Tomlin, Big Daddy Weave"
823,1412449,31832737,"David Cook, Lifehouse, Hinder"
353,35811,761323,"Malú, Manuel Carrasco, Antonio Orozco"
649,58921,620374,"Easton Corbin, High Valley, Jake Owen"
710,6248960,609021834,"Madonna, Ke$ha, Katy Perry"
671,785519,14388239,"Amanda Shires, The Secret Sisters, Indigo Girls"
135,302,722,"Afroboogie, MC Flipside, Mirock"
1,1317466,38874740,"Marnie, Client, Miss Kittin & The Hacker"
317,83063,1958808,"Aitana, Babi, Porta"
17,568002,11668624,"Shigeto, Teebs, Shlohmo"
114,1293820,36495054,"Archive, DJ Shadow, Death in Vegas"
123,992714,18941025,"Leftfield, The Orb, Underworld"
428,19634,284780,"Fangoria, Nebulossa, La Prohibida"
240,45526,1473119,"El Jordan 23, King Savagge, Jere Klein"
96,1298567,35274621,"Marsmobil, The Funky Lowlives, Soma Sonic"
785,1261996,37013375,"Bad Books, All Get Out, Frightened Rabbit"
560,137542,1914610,"Jordan Davis, Tyler Hubbard, Russell Dickerson"
830,65724,1016037,"Old Mervs, Atlas, Harbour"
35,2997442,200086523,"Arca, The Sugarcubes, FKA twigs"
150,26274,489698,"tomandandy, John Ottman, Charlie Clouser"
214,39159,744868,"Jamby El Favo, Jon Z, Ñengo Flow"
195,272632,5431112,"Lucybell, Polimá Westcoast, La Ley"
861,254361,8450973,"Lime Cordiale, Hockey Dad, The Rions"
277,314959,16769110,NULL
433,52037,406559,"OBK, Ana Torroja, Ella Baila Sola"
505,12193,211084,"MUJERES PODRIDAS, sistema de entretenimiento, La Culpa"
658,881681,17471864,"Kenny Chesney, Jake Owen, Darius Rucker"
893,231962,5529874,"Wednesday, Hotline TNT, They Are Gutting a Body of Water"
185,129217,1666448,"Dei V, Nio Garcia, Anuel AA"
287,14828,378419,"Yampi, Xylon, DimeWest"
275,211625,1854963,"Jacob Forever, Wisin, Chino & Nacho"
208,69562,1648726,"Dei V, Jhayco, Chris Jedi"
590,343341,8408600,"Matt Redman, Casting Crowns, Phil Wickham"
193,175561,2868994,"Sech, Alex Rose, Justin Quiles"
94,3936,15272,"Milan Tavares, feels right, Hartness"
477,50347,368197,"Kiko & Shara, Decai, Los Rebujitos"
54,40727,316692,"Mathbonus, Palence, Spicules"
500,111734,910543,"La Oreja de Van Gogh, Amaia Montero, Amaral"
848,103703,1429658,"Todd Snider, Ray Wylie Hubbard, Hayes Carll"
874,310091,4991533,"Systema Solar, Mitú, Monsieur Periné"
345,18893,211318,"Sinsinati, ELYELLA, MarMi"
224,148326,2138095,"Bryant Myers, Revol, Alex Rose"
788,194636,1321018,"England Dan & John Ford Coley, Ambrosia, Christopher Cross"
124,16441,79390,"Polocorp, ATC Coco, ATC Toro"
43,4800,38973,"The Gardener, Israel Fernández, BRONQUIO"
337,277635,12469488,"Tierra Santa, Warcry, Saratoga"
531,951,15932,"Ekyrian, Abäk, Lèpoka"
702,4229545,409733061,"Megadeth, Pantera, Slayer"
414,97742,2107221,"Nach, Canserbero, Violadores del Verso"
534,204669,2566321,"Maria João Pires, Михаил Плетнёв, Эмиль Гилельс"
565,4362509,122672257,"Billy Joel, Rod Stewart, Paul McCartney"
542,1119,8165,"Grankhan, Kulto Kultibo, Little Pepe"
574,197028,3417958,"TobyMac, MercyMe, Crowder"
693,10198,250103,"BARAK, Un Corazón, Montesanto"
11,715506,16341642,"Neil Frances, Her, Two Another"
279,71712,1120002,"Dei V, Anuel AA, Bryant Myers"
401,4064,41047,"カルマ, Hiranya, Dawn of the Maya"
706,270572,7577413,"Yuuri, Ryokuoushoku Shakai, Gen Hoshino"
508,59155,896437,"El Canto del Loco, Antonio Orozco, Leiva"
643,2848720,51898770,"Robin Gibb, Andy Gibb, Barry Gibb"
855,113648,1539549,"Natalie Grant, Mandisa, MercyMe"
485,15807,356871,NULL
113,649,4579,"Indiomar, Musiko, Andy Alemany"
426,45808,927685,"El Chojin, beret, Recycled J"
523,6245,75699,"Comandante Twin, Full, ELYELLA"
138,1542472,63971690,"Fever Ray, Austra, Ladytron"
832,668059,21808002,"Snail Mail, Momma, Indigo De Souza"
16,1103930,19502017,"Tosca, Fila Brazillia, Kid Loco"
346,51873,3032726,"Ana Mena, Aitana, Samuraï"
752,205703,2939485,"The People's Thieves, Dreamers, Adam Jensen"
294,2094,34955,"Nilocos, vuelta canela, Pim pau"
708,1119477,28846496,"Coin, Wallows, Hippo Campus"
844,8758,76753,"Sensi Trails, Dale and the ZDubs, Kyle Ahern"
467,12291,316348,"Hard GZ, Arce, Swit Eme"
336,54495,448870,"El Barrio, Melendi, Andy & Lucas"
145,151830,968343,"Extrawelt, Solomun, Agoria"
415,2386,23290,"Novato, Little Pepe, Dakaneh"
596,1954635,38511362,"The Lumineers, George Ezra, The Head and the Heart"
507,113668,3715582,"Viva Suecia, Supersubmarina, Izal"
588,2953836,167604037,"Dan Auerbach, The Arcs, The Raconteurs"
779,201874,3391718,"Snail Mail, Bully, Soccer Mommy"
375,13121,237705,"Arde Bogotá, Viva Suecia, Niña Polaca"
495,176641,980936,"Enrique Granados, Manuel de Falla, Francisco Tárrega"
795,416076,7603651,"The Unlikely Candidates, Des Rocs, KONGOS"
237,125625,1344034,"Sech, Dímelo Flow, Joey Montana"
529,6825,125794,"Swit Eme, EZVIT 810, Nikone"
767,133667,2121509,"Eric Church, Dierks Bentley, Old Dominion"
266,2613323,245592309,"Katy Perry, Ava Max, Zara Larsson"
606,3029550,257095818,"Jesse®, Beach Weather, Arctic Monkeys"
558,2138131,218392606,"Inhaler, Bleachers, The Band CAMINO"
831,84001,922709,"Common Kings, J Boog, Maoli"
220,560138,9392636,"Romeo Santos, Aventura, Toby Love"
580,1269007,107805946,"Powerwolf, Iron Maiden, Ozzy Osbourne"
689,2379912,41059533,"Carlos Santana, Eric Clapton, Jeff Beck"
484,1868,4507,"Regino Sáinz de la Maza, Federico Moreno Torroba, Miguel Llobet Solés"
300,10986,107765,NULL
899,288302,3359589,"Alabama Shakes, Nourished by Time, Gary Clark Jr."
595,63125,1100498,"MercyMe, Zach Williams, We Are Messengers"
628,345977,18418817,"Milet, ReoNa, Uru"
261,9733,111232,"Jay Morales, Roa, Yeruza"
326,106321,3795859,"La Texana, VVV [Trippin'you], Margarita Quebrada"
870,265085,7070977,"Team Sleep, Deftones, Chino Moreno"
332,260962,8545194,"Joan Manuel Serrat, Ismael Serrano, Luis Eduardo Aute"
780,90377,1676378,"40mP, DECO*27, ayase"
809,68333,878720,"Dirty Honey, Tremonti, Ayron Jones"
95,684,3065,"Kickoff, Retain, AliPhi"
587,428424,8295333,"Thomas Rhett, Jordan Davis, Russell Dickerson"
61,441623,6945807,"Amtrac, Tourist, Hot Chip"
486,40685,670149,"Amaral, Vanesa Martín, Antonio Orozco"
685,398863,5094299,"Caamp, Mt. Joy, Shakey Graves"
653,97792,1291248,"Russell Dickerson, Thomas Rhett, Sam Hunt"
784,936879,37137038,"The Big Moon, Black Honey, The Last Dinner Party"
627,132008,1922265,"Jordan Davis, Dustin Lynch, Thomas Rhett"
21,839850,22428994,"SBTRKT & Sampha, Jamie xx, Disclosure"
717,100086,3066082,"Mikito P, 25時、ナイトコードで。, cosMo@Bousou-P"
262,111142,1466784,NULL
321,535166,14546677,"Amaia Montero, Amaral, La Quinta Estación"
225,362135,4094870,"Yandel, Nicky Jam, Ozuna"
430,22016,119785,"VCL, Belocca, Indira Paganotto"
504,16563,135827,"David DeMaría, Efecto Mariposa, La Caja De Pandora"
169,1037624,45404728,"Natti Natasha, Becky G, Maria Becerra"
389,19616,806843,"Nikone, Arce, Denom"
599,3159228,102193551,"P.O.D., Shinedown, Three Days Grace"
179,258305,4344937,"Manuel Turizo, Maluma, Mau y Ricky"
180,500248,10774512,"Manuel Turizo, Piso 21, Cali & El Dandee"
777,252867,8590295,"illuminati hotties, Ratboy, Remember Sports"
879,471188,38053782,"MY FIRST STORY, coldrain, SPYAIR"
475,10932,155395,"Juancho Marqués, Easy-S, Shoda Monkas"
756,442170,7808192,"The Symposium, Hot Flash Heat Wave, Crumb"
352,75508,1795983,"Pereza, Sidecars, Vetusta Morla"
282,169049,2222817,"Nova y Jory, Tony Dize, De La Ghetto"
163,1115918,19137994,"Natti Natasha, Karol G, Sofía Reyes"
521,41181,1766595,"Tierra Santa, Warcry, Zenobia"
605,56183,453081,"Nichole Nordeman, Natalie Grant, Sara Groves"
567,107920,1163060,"Jordan Davis, Dustin Lynch, Thomas Rhett"
852,693397,6937813,"John Hiatt, Susan Tedeschi, Tedeschi Trucks Band"
209,104455,1301781,"Bulin 47, Jey One, El Alfa"
851,6442,38871,"Alific, Sensi Trails, Mellodose"
525,4764,18235,"Simon Goff, Sylvain Texier, Mathieu David Gagnon"
859,399583,23721269,NULL
551,35195,227856,"Felipe Santos, José de Rico, Cherito"
520,31818,1358627,"DeLaOssa, Cruz Cafuné, Dellafuente"
850,330621,5195299,"The Unlikely Candidates, Weathers, Castlecomer"
776,2178673,176815276,"A Perfect Circle, Puscifer, Opeth"
339,126608,1809309,"Ana Mena, Vicco, Lola Indigo"
634,990555,19734698,"The Happy Fits, The Unlikely Candidates, I DONT KNOW HOW BUT THEY FOUND ME"
436,16918,305559,NULL
866,179185,4688270,"TTNG, Hikes, Floral"
647,508526,28281898,"BUMP OF CHICKEN, back number, Mrs. GREEN APPLE"
182,292500,5630846,"Mau y Ricky, Sebastián Yatra, Piso 21"
249,42712,921219,"Dei V, Omar Courtz, YOVNGCHIMI"
260,135668,3062189,"Nicki Nicole, La Joaqui, Bizarrap"
447,13639,223611,"Fyahbwoy, Little Pepe, Rapsusklei"
871,6286871,417373439,"Kurt Cobain, Alice in Chains, Soundgarden"
636,1873679,49781672,"White Zombie, Powerman 5000, Marilyn Manson"
265,93018,1941056,NULL
619,1803406,51526564,"Love Fame Tragedy, Circa Waves, Sea Girls"
47,852269,23984044,"Rival Consoles, Four Tet, Nils Frahm"
666,959722,19050802,"Jason Aldean, Florida Georgia Line, Lee Brice"
713,605795,19565816,"Mon Laferte, Natalia y La Forquetina, Silvana Estrada"
245,68310,616239,"Darell, Brray, Ñengo Flow"
721,1167119,44509892,"J. Tillman, Fleet Foxes, Courtney Barnett"
424,118947,989605,"Mari Trini, Myriam Hernández, Cecilia"
325,34234,403534,"Manuel Carrasco, Antonio Orozco, David Bisbal"
363,26929,398574,"Vicco, Lola Indigo, Lérica"
374,14267,239266,"Travis Birds, Xoel López, Rozalén"
335,84817,851263,"Edurne, El Sueño de Morfeo, CHICA SOBRESALTO"
885,189526,8375216,NULL
239,40323,1355030,"El Jordan 23, Cris Mj, ITHAN NY"
463,104294,854121,"Itzhak Perlman, Isabelle Faust, Julia Fischer"
288,18500,174537,"Carly, Zaramay, Joniel"
735,167856,1298348,"Dumbo Gets Mad, The Holydrug Couple, Orions Belte"
110,642430,22325416,"Fritz Kalkbrenner, Marek Hemmann, Sascha Funke"
887,139768,1594615,"Junkie, Israel's Arcade, Jurassic Shark"
127,660079,14417915,"Little People, The Herbaliser, RJD2"
603,60349,313975,"The Elovaters, Tropidelic, The Movement"
812,60032,1989156,"Kim Daniel, Off The Menu, wave to earth"
342,12841,166090,"Dani Fernández, Álvaro De Luna, Marlena"
642,35169,344510,"Meghan Patrick, Sean Stemaly, Josh Ross"
232,116028,2747899,"Anuel AA, Brytiago, Miky Woodz"
437,5622,23624,"Weska, Brennen Grey, Loco & Jam"
724,821407,33006921,"The National, Wild Pink, Kurt Vile"
170,767783,15330906,"Romeo Santos, Monchy & Alexandra, Prince Royce"
836,59297,1183541,"HANABIE., 鬱P, Crystal Lake"
562,164659,1666467,"Kane Brown, Niko Moon, Old Dominion"
117,6278,19794,"Andy Bianchini, Marina Diniz, Lukke"
302,29871,372019,"Alvaro Diaz, ALVAR0 DAYS, Mora"
41,240921,4285343,"Agoria, Joris Delacroix, Worakls"
545,1916,76667,"Sauze, Dünedain, Sylvania"
448,11054,185720,"Green Valley, Nikone, El momo"
615,42421,433072,"The Movement, The Elovaters, Stick Figure"
797,815993,31239998,"Zakk Wylde, Pride & Glory, Down"
28,668041,29383930,"Apparat, Modeselektor, Weval"
820,3402741,197255568,"The Postal Service, Ben Gibbard, The Shins"
673,257919,5056541,"MercyMe, Big Daddy Weave, Casting Crowns"
131,4677,61098,"Danny Howells, Hernan Cattaneo, Derek Howell"
112,265912,2725549,"Hot Chip, Caribou, Agoria"
97,676390,13073828,"Etienne de Crécy, Boys Noize, Thylacine"
256,263497,12696095,"Myke Towers, Jhayco, Feid"
160,1442310,195820165,"Rauw Alejandro, Mora, Jhayco"
679,87705,1961097,"Caligula's Horse, Haken, Earthside"
175,168497,11486649,"Jhayco, ALVAR0 DAYS, Papi Sousa"
80,152162,3120921,"Christian Löffler, David August, Parra for Cuva"
173,402142,7049301,"Piso 21, Maluma, Mau y Ricky"
479,57886,2620231,"Vetusta Morla, Viva Suecia, Arde Bogotá"
397,131715,717758,"Chad & Jeremy, Paul Revere & The Raiders, The Bob Seger System"
18,240504,4793702,"DJ Seinfeld, DJ Boring, Mall Grab"
167,697669,19437982,"Sech, Nicky Jam, Wisin"
377,169550,1362699,"Isaac Albéniz, Leo Brouwer, Joaquín Rodrigo"
764,5148591,225184441,"Keith Richards, The Who, The Kinks"
411,10863,265334,"Juancho Marqués, Hens, Lionware"
252,283022,11162498,"Lit Killah, Duki, Trueno"
609,2066324,99020044,"Sir Sly, Joywave, alt-J"
894,1640079,31675063,"Tom Petty, Mudcrutch, John Mellencamp"
192,376399,6133723,"Wisin, Wisin & Yandel, Daddy Yankee"
194,663204,11588697,"Don Omar, Tony Dize, Daddy Yankee"
12,2318099,78616972,"Sebastian, Daft Punk, Gesaffelstein"
834,203299,2713861,"Randy Houser, Justin Moore, Dierks Bentley"
119,9692,69769,"VAN17INO6, iuky, Gazzi"
898,2732588,100799711,"Passion Pit, Two Door Cinema Club, Vampire Weekend"
656,263185,3878834,"Andy Grammer, Mat Kearney, Jon Foreman"
863,2069224,38152626,"Jefferson Starship, Quicksilver Messenger Service, Country Joe & The Fish"
83,8549,42220,NULL
347,14660,192680,"Carmen 113, Siloé, Comandante Twin"
381,89487,2040042,"Love of Lesbian, Caloncho, Izal"
654,209019,2975576,"MercyMe, Tenth Avenue North, Building 429"
143,2678941,107618713,"The Funky Lowlives, Hird, Nuspirit Helsinki"
497,22923,278559,"Decai, La Húngara, Sergio Contreras"
750,190138,3375889,"Bohnes, Adam Jensen, Layto"
159,14902,162500,NULL
763,6551,22069,"Alific, Sensi Trails, Kyle Ahern"
273,45786,796230,"Luar La L, Anuel AA, Cosculluela"
349,30862,621508,"Maldita Nerea, Miki Núñez, Despistaos"
698,216419,2839962,NULL
527,5860,55269,"Marcelo Criminal, Diamante Negro, el buen hijo"
417,40976,945085,"SFDK, Nach, KASE.O"
204,172936,2777080,"Omar Montes, Quevedo, Morad"
711,649806,10786420,"LOVING, Brad stank, Banes World"
733,40236,438213,"Riley Green, Cole Swindell, Justin Moore"
814,3693448,116295114,"Jerry Lee Lewis, Chuck Berry, Little Richard"
839,222274,5288689,"Wednesday, Hovvdy, Greg Freeman"
792,404947,8984525,"Switchfoot, MercyMe, Tenth Avenue North"
211,311789,6139938,"Dalex, Justin Quiles, Ozuna"
741,214860,1947821,"The Expendables, The Movement, Iya Terra"
235,289150,4144457,"Becky G, Karol G, Farina"
450,55784,2685169,"Tierra Santa, Saratoga, Saurom"
808,31238,420077,"Iya Terra, Arise Roots, Tribal Seeds"
2,1337738,67494921,"Samiyam, Teebs, Daedelus"
295,207621,2107059,"Arcángel, Wisin & Yandel, Tego Calderón"
425,16802,314542,"Toteking & Shotta, Tote King, Xhelazz"
872,232575,3572586,"Donovan Woods, William Fitzsimmons, Joshua James"
392,30597,614187,"Hazhe, Shotta, Xhelazz"
880,110342,4337203,"a flood of circle, ヒトリエ, PEOPLE 1"
528,50196,569505,"Andy & Lucas, El Barrio, Estopa"
807,52366,860624,"Jeremy Camp, MercyMe, TobyMac"
573,275926,3881403,"Justin Moore, Jason Aldean, Florida Georgia Line"
841,127914,1095927,"The Temperance Movement, The Cold Stares, Dirty Honey"
518,23378,487691,"Lazarus A.D., Ultra-Violence, Dust Bolt"
522,31007,449900,"Anne-Sophie Mutter, Renaud Capuçon, Hilary Hahn"
737,14142,76850,"tribl, Dante Bowe, Joe L Barnes"
125,127647,6004121,"Dënver, Alex Anwandter, Francisca Valenzuela"
77,30817,223068,"Allen Nova, Slowpalace, niko rain"
480,7320,297101,NULL
623,2184064,69899196,"Vance Joy, Caamp, The Head and the Heart"
334,106641,11162528,NULL
728,352274,8566653,"Cleopatrick, DEAD POET SOCIETY, Badflower"
697,39458,356469,"Little Stranger, DENM, Bumpin Uglies"
128,361559,4905020,"Miss Kittin & The Hacker, Vive La Fête, The Hacker"
126,108569,1212393,NULL
51,735076,20708320,"Four Tet, Joy Orbison, Nosaj Thing"
722,1016388,61652217,"The Prize Fighter Inferno, The Dear Hunter, Closure in Moscow"
427,67734,889961,"Ruth Lorenzo, Ana Guerra, Sofía Martín"
458,39735,1989954,"Biznaga, Cala Vento, La Plata"
705,471419,9156254,"Los Auténticos Decadentes, Los Pericos, Vicentico"
564,207258,3361845,"Russell Dickerson, Thomas Rhett, Cole Swindell"
201,123181,1969563,"Brytiago, Dalex, Ozuna"
745,425833,7652857,"Iration, Tribal Seeds, Stick Figure"
31,1574445,29653560,"Groove Armada, Leftfield, Energy 52"
864,671801,21041193,"Courtney Barnett & Kurt Vile, Julia Jacklin, The Beths"
348,50626,1945730,"Amaia, Belén Aguilera, Vicco"
215,87351,1654421,"Natanael Cano, David Santos, Bhavi"
315,133580,2165143,"Pol Granch, Álvaro De Luna, Samuraï"
39,2657,13180,"Khan Kalima, Antonio Polichiso, Manybeat"
134,7244,24266,"Col Lawton, DeMajor, Denton (UK)"
757,696157,9270953,"Robert Plant And The Strange Sensation, Page & Plant, Robert Plant & Alison Krauss"
423,29703,626507,NULL
601,3120798,126083564,"Saint Asonia, Breaking Benjamin, Seether"
644,3464209,252370290,"Korn, Stone Sour, System of a Down"
308,1329229,20953625,"Wisin & Yandel, Daddy Yankee, Tony Dize"
257,185365,7308543,"Lali, Tini, Emilia"
176,375761,4239819,"Sky Rompiendo, Omar Montes, Brytiago"
358,7043,257144,"Pole., Sinsinati, Brock Ansiolitiko"
837,123687,1443123,"BarlowGirl, Point of Grace, Fireflight"
774,26100,127295,"The Sheepdogs, Current Swell, Larkin Poe"
683,141299,1843736,"MercyMe, Josh Wilson, Jeremy Camp"
818,6802318,925130777,"Thom Yorke, Atoms for Peace, Jeff Buckley"
33,226769,3983244,"Mammal Hands, GoGo Penguin, Lund Quartet"
248,18584,209171,"RobGz, Producto Sin Corte, Clarent"
184,290311,7183799,"De La Ghetto, Anuel AA, Jhayco"
402,10490,258529,"R de Rumba, Lírico, Hazhe"
32,1542062,80076025,"This Will Destroy You, Explosions in the Sky, Caspian"
399,84197,2256815,NULL
309,121296,5453669,"Duki, Eladio Carrion, Rels B"
591,2331945,59375030,"Boys Like Girls, Good Charlotte, All Time Low"
268,88786,636859,"Her New Knife, Doused, They Are Gutting a Body of Water"
400,19429,803661,"Ayax y Prok, Kaze, Natos y Waor"
813,2276606,37796911,"Generation X, Duran Duran, INXS"
386,22803,212111,"Rusowsky, Sen Senra, JUDELINE"
512,14040,241947,"Marta Soto, Marilia Monzón, Gèrard"
682,1009682,9165757,"Sheena Easton, Debbie Gibson, Melissa Manchester"
233,53310,263521,"Baby Rasta & Gringo, Vico C, Cosculluela"
611,334855,8994148,"Alan Menken, Descendants – Cast, Stephen Schwartz"
740,132031,2449194,"Elsa y Elmar, Manuel Medrano, Juan Pablo Vega"
136,1287,4484,"Manybeat, Gabriel Dominguez, Gustavo Dominguez"
190,270064,8983887,"Mora, Myke Towers, Anuel AA"
616,180171,2302864,"Cole Swindell, Chris Young, Dylan Scott"
89,551036,9820711,"Underworld, Vök, Röyksopp"
122,10386,39098,"Ammo Avenue, Kocham, Ken Kelly"
299,16409,102961,"Benny Benni, Omy de Oro, Cauty"
677,171894,1389371,"Teen Mortgage, Bad Nerves, Frankie and the Witch Fingers"
120,143649,1324273,"Talaboman, Move D, Daphni"
306,87294,1360478,"Ele A El Dominio, Jamby El Favo, Bryant Myers"
108,50094,1894985,"Paco Amoroso, DJ Alex, Ca7riel, Paco Amoroso"
494,4862,46922,NULL
272,40113,439644,"Juliito, RobGz, Joyce Santana"
341,4535,7078,"Adriano Spampanato, Czech Symphony Chamber Group, Levon Forever"
203,777122,21700450,"J Balvin, Manuel Turizo, Piso 21"
241,200375,1826323,"Yandel, Angel y Khriz, Daddy Yankee"
15,35417,609458,"El Zar, Bandalos Chinos, Él mató a un policía motorizado"
23,526322,12770218,"Plaid, Chris Clark, Rival Consoles"
791,105597,1320310,"bludnymph, FKA Rayne, Tillie"
313,61011,521795,"Beéle, Dalex, Sech"
331,42162,784419,"Venues, Conquer Divide, Beyond the Black"
526,3001,29698,"ZATU, Shotta, Juaninacka"
380,16600,473965,"Hard GZ, J Dose, Ayax"
742,35267,318894,"Brothers Osborne, Eric Church, Dierks Bentley"
514,11088,322151,"Dragonfly, Zenobia, Avalanch"
799,158147,2877326,"The Derek Trucks Band, Susan Tedeschi, The Marcus King Band"
695,5342094,440642553,"Royal Blood, Nothing But Thieves, Franz Ferdinand"
58,19443,378550,"Ptaki, CS + Kreme, Gaussian Curve"
24,1263218,41637835,"Daphni, Four Tet, Tourist"
30,1015954,37073933,"Helios, Emancipator, Yppah"
378,100539,2927221,"Collapse Under the Empire, I Hear Sirens, Tides From Nebula"
889,2003069,81423647,"Judas Priest, Saxon, Black Sabbath"
372,108417,1223765,"Manuel Carrasco, Antonio José, Malú"
766,2046030,107539783,"Foals, Broken Bells, Lewis Del Mar"
758,80674,1214069,NULL
25,841935,29440480,"JennyLee, TT, Poliça"
388,3450,25091,"Siloé, ELYELLA, Embusteros"
471,36194,768942,"Steven Osborne, András Schiff, Marc-André Hamelin"
298,3120,35083,"Tiramizú, Cleo y Cuquín - Familia Telerín, Abc Spanish in Motion"
714,234202,12741567,"フジファブリック, Mr.Children, スピッツ"
468,4003,41781,"Ambkor, Club 4, Rafa Espino"
731,388,1837,"Beauty and the Beast: A 30th Celebration - Cast, Elvis Presley, Vários intérpretes"
246,54082,834366,"Bryant Myers, Casper Magico, Gigolo y La Exce"
598,53136,635848,"Travis Denning, Cody Johnson, Jordan Davis"
351,22955,189380,"KENJI KIHARA, Shuta Yasukochi, Warmth"
663,68199,1652329,"Chris Tomlin, Matt Maher, Matt Redman"
296,22410,470167,"Eladio Carrión, Tini, Angela Torres"
253,41277,483794,"Jossef, Los Audio Kimikos, Omy de Oro"
199,300730,4358523,"Sech, Chris Jedi, Justin Quiles"
552,5025,19313,"Patrick Pulsinger, Kennebec, Alfa Mist, Keizan, Mono:Massive"
57,1047857,20198055,"Marsmobil, Soma Sonic, Berry Weight"
610,3648121,110366298,"Theory of a Deadman, Hinder, 3 Doors Down"
877,172607,873386,"The Cleftones, The Penguins, The Monotones"
690,313397,4609472,"The Revivalists, St. Paul & The Broken Bones, Lukas Nelson & Promise of the Real"
718,260570,11068670,"pinocchioP, Omoi, Kairiki Bear"
835,367232,4100943,"Little Village, Lyle Lovett, Steve Earle"
186,79071,2938060,"Luar La L, Omar Courtz, Chris Jedi"
503,13353,318200,"Cala Vento, Mujeres, Karavana"
592,100660,1705403,"Jordan Davis, Russell Dickerson, Dylan Scott"
34,400255,6394865,"Robag Wruhme, Isolée, Pantha du Prince"
